species,decimalLatitude,decimalLongitude,year,eventID,datasetKey
Dicaelus dilatatus,35.66449,-83.524234,2016,GRSM.2016.20,69e5ceb4-30a6-4074-8f9d-d6a0457cb789
Pterostichus acutipes,35.66449,-83.524234,2016,GRSM.2016.26,69e5ceb4-30a6-4074-8f9d-d6a0457cb789
Scaphinotus guyotii,35.670778,-83.481653,2016,GRSM.2016.34,69e5ceb4-30a6-4074-8f9d-d6a0457cb789
Scaphinotus andrewsii,35.670778,-83.481653,2016,GRSM.2016.34,69e5ceb4-30a6-4074-8f9d-d6a0457cb789
Pterostichus acutipes,35.66449,-83.524234,2016,GRSM.2016.20,69e5ceb4-30a6-4074-8f9d-d6a0457cb789
Scaphinotus andrewsii,35.679121,-83.482275,2016,GRSM.2016.34,69e5ceb4-30a6-4074-8f9d-d6a0457cb789
Notiophilus aeneus,35.679121,-83.482275,2017,GRSM.2017.18,69e5ceb4-30a6-4074-8f9d-d6a0457cb789
Gastrellarius blanchardi,35.66449,-83.524234,2016,GRSM.2016.18,69e5ceb4-30a6-4074-8f9d-d6a0457cb789
Pterostichus acutipes,35.679121,-83.482275,2016,GRSM.2016.26,69e5ceb4-30a6-4074-8f9d-d6a0457cb789
Tachys laevus,35.66449,-83.524234,2016,GRSM.2016.18,69e5ceb4-30a6-4074-8f9d-d6a0457cb789
Scaphinotus hubbardi,35.670778,-83.481653,2017,GRSM.2017.16,69e5ceb4-30a6-4074-8f9d-d6a0457cb789
Sphaeroderus bicarinatus,35.670778,-83.481653,2016,GRSM.2016.18,69e5ceb4-30a6-4074-8f9d-d6a0457cb789
Sphaeroderus stenostomus,35.66449,-83.524234,2017,GRSM.2017.16,69e5ceb4-30a6-4074-8f9d-d6a0457cb789
Pterostichus moestus,35.679121,-83.482275,2016,GRSM.2016.36,69e5ceb4-30a6-4074-8f9d-d6a0457cb789
Sphaeroderus stenostomus,35.66449,-83.524234,2017,GRSM.2017.26,69e5ceb4-30a6-4074-8f9d-d6a0457cb789
Dicaelus teter,35.679121,-83.482275,2016,GRSM.2016.36,69e5ceb4-30a6-4074-8f9d-d6a0457cb789
Scaphinotus andrewsii,35.670778,-83.481653,2016,GRSM.2016.36,69e5ceb4-30a6-4074-8f9d-d6a0457cb789
Sphaeroderus bicarinatus,35.670778,-83.481653,2016,GRSM.2016.20,69e5ceb4-30a6-4074-8f9d-d6a0457cb789
Scaphinotus andrewsii,35.684589,-83.532102,2016,GRSM.2016.34,69e5ceb4-30a6-4074-8f9d-d6a0457cb789
Aulacopodus brouni,35.670778,-83.481653,2016,GRSM.2016.30,69e5ceb4-30a6-4074-8f9d-d6a0457cb789
Dicaelus dilatatus,35.679121,-83.482275,2016,GRSM.2016.22,69e5ceb4-30a6-4074-8f9d-d6a0457cb789
Sphaeroderus stenostomus,35.66449,-83.524234,2017,GRSM.2017.16,69e5ceb4-30a6-4074-8f9d-d6a0457cb789
Pterostichus acutipes,35.684589,-83.532102,2016,GRSM.2016.32,69e5ceb4-30a6-4074-8f9d-d6a0457cb789
Pterostichus acutipes,35.679121,-83.482275,2016,GRSM.2016.32,69e5ceb4-30a6-4074-8f9d-d6a0457cb789
Dicaelus dilatatus,35.670778,-83.481653,2016,GRSM.2016.36,69e5ceb4-30a6-4074-8f9d-d6a0457cb789
Pterostichus moestus,35.670778,-83.481653,2016,GRSM.2016.32,69e5ceb4-30a6-4074-8f9d-d6a0457cb789
Pterostichus tristis,35.670778,-83.481653,2016,GRSM.2016.32,69e5ceb4-30a6-4074-8f9d-d6a0457cb789
Scaphinotus guyotii,35.670778,-83.481653,2016,GRSM.2016.34,69e5ceb4-30a6-4074-8f9d-d6a0457cb789
Pterostichus tristis,35.670778,-83.481653,2016,GRSM.2016.28,69e5ceb4-30a6-4074-8f9d-d6a0457cb789
Pterostichus tristis,35.670778,-83.481653,2016,GRSM.2016.34,69e5ceb4-30a6-4074-8f9d-d6a0457cb789
Pterostichus acutipes,35.670778,-83.481653,2016,GRSM.2016.22,69e5ceb4-30a6-4074-8f9d-d6a0457cb789
Scaphinotus andrewsii,35.679121,-83.482275,2016,GRSM.2016.38,69e5ceb4-30a6-4074-8f9d-d6a0457cb789
Pterostichus moestus,35.670778,-83.481653,2016,GRSM.2016.34,69e5ceb4-30a6-4074-8f9d-d6a0457cb789
Pterostichus tristis,35.670778,-83.481653,2016,GRSM.2016.36,69e5ceb4-30a6-4074-8f9d-d6a0457cb789
Gastrellarius unicarum,35.670778,-83.481653,2017,GRSM.2017.16,69e5ceb4-30a6-4074-8f9d-d6a0457cb789
Cylindera unipunctata,35.66449,-83.524234,2016,GRSM.2016.22,69e5ceb4-30a6-4074-8f9d-d6a0457cb789
Sphaeroderus stenostomus,35.684589,-83.532102,2017,GRSM.2017.16,69e5ceb4-30a6-4074-8f9d-d6a0457cb789
Pterostichus moestus,35.679121,-83.482275,2016,GRSM.2016.34,69e5ceb4-30a6-4074-8f9d-d6a0457cb789
Sphaeroderus bicarinatus,35.670778,-83.481653,2016,GRSM.2016.22,69e5ceb4-30a6-4074-8f9d-d6a0457cb789
Sphaeroderus stenostomus,35.684589,-83.532102,2017,GRSM.2017.28,69e5ceb4-30a6-4074-8f9d-d6a0457cb789
Sphaeroderus stenostomus,35.66449,-83.524234,2017,GRSM.2017.32,69e5ceb4-30a6-4074-8f9d-d6a0457cb789
Cyclotrachelus freitagi,35.670778,-83.481653,2016,GRSM.2016.28,69e5ceb4-30a6-4074-8f9d-d6a0457cb789
Dicaelus dilatatus,35.679121,-83.482275,2016,GRSM.2016.28,69e5ceb4-30a6-4074-8f9d-d6a0457cb789
Sphaeroderus bicarinatus,35.670778,-83.481653,2016,GRSM.2016.28,69e5ceb4-30a6-4074-8f9d-d6a0457cb789
Pterostichus acutipes,35.684589,-83.532102,2016,GRSM.2016.34,69e5ceb4-30a6-4074-8f9d-d6a0457cb789
Dicaelus teter,35.670778,-83.481653,2016,GRSM.2016.22,69e5ceb4-30a6-4074-8f9d-d6a0457cb789
Pterostichus moestus,35.670778,-83.481653,2016,GRSM.2016.28,69e5ceb4-30a6-4074-8f9d-d6a0457cb789
Pterostichus moestus,35.670778,-83.481653,2016,GRSM.2016.30,69e5ceb4-30a6-4074-8f9d-d6a0457cb789
Pterostichus acutipes,35.66449,-83.524234,2016,GRSM.2016.24,69e5ceb4-30a6-4074-8f9d-d6a0457cb789
Cyclotrachelus freitagi,35.66449,-83.524234,2016,GRSM.2016.18,69e5ceb4-30a6-4074-8f9d-d6a0457cb789
Sphaeroderus stenostomus,35.670778,-83.481653,2017,GRSM.2017.36,69e5ceb4-30a6-4074-8f9d-d6a0457cb789
Scaphinotus guyotii,35.679121,-83.482275,2016,GRSM.2016.30,69e5ceb4-30a6-4074-8f9d-d6a0457cb789
Pterostichus acutipes,35.679121,-83.482275,2016,GRSM.2016.18,69e5ceb4-30a6-4074-8f9d-d6a0457cb789
Anillinus langdoni,35.670778,-83.481653,2017,GRSM.2017.14,69e5ceb4-30a6-4074-8f9d-d6a0457cb789
Cyclotrachelus freitagi,35.66449,-83.524234,2016,GRSM.2016.38,69e5ceb4-30a6-4074-8f9d-d6a0457cb789
Pterostichus tristis,35.670778,-83.481653,2016,GRSM.2016.34,69e5ceb4-30a6-4074-8f9d-d6a0457cb789
Pterostichus tristis,35.670778,-83.481653,2016,GRSM.2016.34,69e5ceb4-30a6-4074-8f9d-d6a0457cb789
Cyclotrachelus freitagi,35.684589,-83.532102,2016,GRSM.2016.24,69e5ceb4-30a6-4074-8f9d-d6a0457cb789
Amphasia interstitialis,35.66449,-83.524234,2017,GRSM.2017.32,69e5ceb4-30a6-4074-8f9d-d6a0457cb789
Pterostichus tristis,35.670778,-83.481653,2016,GRSM.2016.38,69e5ceb4-30a6-4074-8f9d-d6a0457cb789
Dicaelus teter,35.684589,-83.532102,2016,GRSM.2016.24,69e5ceb4-30a6-4074-8f9d-d6a0457cb789
Pterostichus tristis,35.679121,-83.482275,2016,GRSM.2016.30,69e5ceb4-30a6-4074-8f9d-d6a0457cb789
Scaphinotus guyotii,35.670778,-83.481653,2017,GRSM.2017.34,69e5ceb4-30a6-4074-8f9d-d6a0457cb789
Sphaeroderus stenostomus,35.670778,-83.481653,2017,GRSM.2017.34,69e5ceb4-30a6-4074-8f9d-d6a0457cb789
Pterostichus acutipes,35.670778,-83.481653,2016,GRSM.2016.24,69e5ceb4-30a6-4074-8f9d-d6a0457cb789
Carabus goryi,35.670778,-83.481653,2016,GRSM.2016.30,044d870e-5718-410a-9450-9c2ceac8e1d9
Dicaelus teter,35.670778,-83.481653,2016,GRSM.2016.30,044d870e-5718-410a-9450-9c2ceac8e1d9
Sphaeroderus bicarinatus,35.670778,-83.481653,2016,GRSM.2016.30,8cb7c449-ba11-4464-865e-8029b8d772e8
Cyclotrachelus sigillatus,35.684589,-83.532102,2016,GRSM.2016.30,8cb7c449-ba11-4464-865e-8029b8d772e8
Sphaeroderus bicarinatus,35.670778,-83.481653,2016,GRSM.2016.30,8cb7c449-ba11-4464-865e-8029b8d772e8
Pasimachus punctulatus,35.66449,-83.524234,2016,GRSM.2016.28,8cb7c449-ba11-4464-865e-8029b8d772e8
Cyclotrachelus sigillatus,35.66449,-83.524234,2016,GRSM.2016.28,8cb7c449-ba11-4464-865e-8029b8d772e8
Pterostichus tristis,35.670778,-83.481653,2016,GRSM.2016.28,8cb7c449-ba11-4464-865e-8029b8d772e8
Dicaelus dilatatus,35.684589,-83.532102,2016,GRSM.2016.28,8cb7c449-ba11-4464-865e-8029b8d772e8
Carabus goryi,35.679121,-83.482275,2016,GRSM.2016.28,8cb7c449-ba11-4464-865e-8029b8d772e8
Galerita bicolor,35.684589,-83.532102,2016,GRSM.2016.34,8cb7c449-ba11-4464-865e-8029b8d772e8
Galerita bicolor,35.679121,-83.482275,2016,GRSM.2016.32,8cb7c449-ba11-4464-865e-8029b8d772e8
Cyclotrachelus sigillatus,35.684589,-83.532102,2016,GRSM.2016.28,8cb7c449-ba11-4464-865e-8029b8d772e8
Pterostichus moestus,35.670778,-83.481653,2016,GRSM.2016.32,8cb7c449-ba11-4464-865e-8029b8d772e8
Dicaelus teter,35.670778,-83.481653,2016,GRSM.2016.32,8cb7c449-ba11-4464-865e-8029b8d772e8
Carabus goryi,35.670778,-83.481653,2016,GRSM.2016.32,8cb7c449-ba11-4464-865e-8029b8d772e8
Sphaeroderus stenostomus,35.679121,-83.482275,2016,GRSM.2016.32,8cb7c449-ba11-4464-865e-8029b8d772e8
Cyclotrachelus sigillatus,35.679121,-83.482275,2016,GRSM.2016.32,8cb7c449-ba11-4464-865e-8029b8d772e8
Cyclotrachelus freitagi,35.679121,-83.482275,2016,GRSM.2016.32,8cb7c449-ba11-4464-865e-8029b8d772e8
Carabus goryi,35.684589,-83.532102,2016,GRSM.2016.32,8cb7c449-ba11-4464-865e-8029b8d772e8
Sphaeroderus stenostomus,35.679121,-83.482275,2016,GRSM.2016.30,8cb7c449-ba11-4464-865e-8029b8d772e8
Pasimachus punctulatus,35.679121,-83.482275,2016,GRSM.2016.30,8cb7c449-ba11-4464-865e-8029b8d772e8
Pterostichus acutipes,35.670778,-83.481653,2016,GRSM.2016.30,8cb7c449-ba11-4464-865e-8029b8d772e8
Dicaelus teter,35.66449,-83.524234,2016,GRSM.2016.30,8cb7c449-ba11-4464-865e-8029b8d772e8
Dicaelus dilatatus,35.684589,-83.532102,2016,GRSM.2016.30,8cb7c449-ba11-4464-865e-8029b8d772e8
Carabus goryi,35.679121,-83.482275,2016,GRSM.2016.36,8cb7c449-ba11-4464-865e-8029b8d772e8
Dicaelus teter,35.679121,-83.482275,2016,GRSM.2016.34,8cb7c449-ba11-4464-865e-8029b8d772e8
Cyclotrachelus sigillatus,35.66449,-83.524234,2016,GRSM.2016.34,8cb7c449-ba11-4464-865e-8029b8d772e8
Sphaeroderus bicarinatus,35.679121,-83.482275,2016,GRSM.2016.34,8cb7c449-ba11-4464-865e-8029b8d772e8
Pterostichus moestus,35.670778,-83.481653,2016,GRSM.2016.34,8cb7c449-ba11-4464-865e-8029b8d772e8
Pterostichus moestus,35.670778,-83.481653,2016,GRSM.2016.34,8cb7c449-ba11-4464-865e-8029b8d772e8
Pterostichus moestus,35.670778,-83.481653,2016,GRSM.2016.34,8cb7c449-ba11-4464-865e-8029b8d772e8
Pterostichus stygicus,35.684589,-83.532102,2016,GRSM.2016.34,8cb7c449-ba11-4464-865e-8029b8d772e8
Cyclotrachelus sigillatus,35.679121,-83.482275,2016,GRSM.2016.38,8cb7c449-ba11-4464-865e-8029b8d772e8
Pterostichus tristis,35.684589,-83.532102,2016,GRSM.2016.36,8cb7c449-ba11-4464-865e-8029b8d772e8
Cyclotrachelus sigillatus,35.679121,-83.482275,2016,GRSM.2016.36,8cb7c449-ba11-4464-865e-8029b8d772e8
Pterostichus moestus,35.670778,-83.481653,2016,GRSM.2016.36,8cb7c449-ba11-4464-865e-8029b8d772e8
Cylindera unipunctata,35.684589,-83.532102,2016,GRSM.2016.36,8cb7c449-ba11-4464-865e-8029b8d772e8
Sphaeroderus stenostomus,35.679121,-83.482275,2016,GRSM.2016.36,8cb7c449-ba11-4464-865e-8029b8d772e8
Cyclotrachelus freitagi,35.670778,-83.481653,2016,GRSM.2016.36,8cb7c449-ba11-4464-865e-8029b8d772e8
Carabus goryi,35.684589,-83.532102,2016,GRSM.2016.36,8cb7c449-ba11-4464-865e-8029b8d772e8
Galerita bicolor,35.66449,-83.524234,2016,GRSM.2016.36,8cb7c449-ba11-4464-865e-8029b8d772e8
Carabus goryi,35.679121,-83.482275,2016,GRSM.2016.34,8cb7c449-ba11-4464-865e-8029b8d772e8
Pterostichus acutipes,35.66449,-83.524234,2016,GRSM.2016.34,8cb7c449-ba11-4464-865e-8029b8d772e8
Pterostichus moestus,35.670778,-83.481653,2016,GRSM.2016.34,8cb7c449-ba11-4464-865e-8029b8d772e8
Pterostichus tristis,35.670778,-83.481653,2016,GRSM.2016.34,8cb7c449-ba11-4464-865e-8029b8d772e8
Pterostichus moestus,35.670778,-83.481653,2016,GRSM.2016.32,8cb7c449-ba11-4464-865e-8029b8d772e8
Pterostichus moestus,35.670778,-83.481653,2016,GRSM.2016.32,8cb7c449-ba11-4464-865e-8029b8d772e8
Dicaelus teter,35.679121,-83.482275,2016,GRSM.2016.32,8cb7c449-ba11-4464-865e-8029b8d772e8
Galerita bicolor,35.684589,-83.532102,2016,GRSM.2016.30,8cb7c449-ba11-4464-865e-8029b8d772e8
Cyclotrachelus sigillatus,35.670778,-83.481653,2016,GRSM.2016.32,8cb7c449-ba11-4464-865e-8029b8d772e8
Dicaelus dilatatus,35.679121,-83.482275,2016,GRSM.2016.36,8cb7c449-ba11-4464-865e-8029b8d772e8
Pterostichus coracinus,35.66449,-83.524234,2016,GRSM.2016.34,8cb7c449-ba11-4464-865e-8029b8d772e8
Pterostichus tristis,35.670778,-83.481653,2016,GRSM.2016.36,8cb7c449-ba11-4464-865e-8029b8d772e8
Sphaeroderus bicarinatus,35.670778,-83.481653,2016,GRSM.2016.36,8cb7c449-ba11-4464-865e-8029b8d772e8
Pterostichus acutipes,35.684589,-83.532102,2016,GRSM.2016.36,8cb7c449-ba11-4464-865e-8029b8d772e8
Cyclotrachelus freitagi,35.670778,-83.481653,2016,GRSM.2016.22,8cb7c449-ba11-4464-865e-8029b8d772e8
Carabus goryi,35.66449,-83.524234,2016,GRSM.2016.22,8cb7c449-ba11-4464-865e-8029b8d772e8
Cyclotrachelus freitagi,35.66449,-83.524234,2016,GRSM.2016.22,8cb7c449-ba11-4464-865e-8029b8d772e8
Cyclotrachelus sigillatus,35.684589,-83.532102,2016,GRSM.2016.24,8cb7c449-ba11-4464-865e-8029b8d772e8
Carabus goryi,35.66449,-83.524234,2016,GRSM.2016.24,8cb7c449-ba11-4464-865e-8029b8d772e8
Sphaeroderus stenostomus,35.684589,-83.532102,2016,GRSM.2016.22,8cb7c449-ba11-4464-865e-8029b8d772e8
Pasimachus punctulatus,35.66449,-83.524234,2016,GRSM.2016.22,8cb7c449-ba11-4464-865e-8029b8d772e8
Galerita bicolor,35.684589,-83.532102,2016,GRSM.2016.22,8cb7c449-ba11-4464-865e-8029b8d772e8
Dicaelus dilatatus,35.684589,-83.532102,2016,GRSM.2016.22,8cb7c449-ba11-4464-865e-8029b8d772e8
Carabus goryi,35.670778,-83.481653,2016,GRSM.2016.26,8cb7c449-ba11-4464-865e-8029b8d772e8
Cyclotrachelus sigillatus,35.684589,-83.532102,2016,GRSM.2016.22,8cb7c449-ba11-4464-865e-8029b8d772e8
Dicaelus dilatatus,35.670778,-83.481653,2016,GRSM.2016.26,8cb7c449-ba11-4464-865e-8029b8d772e8
Cyclotrachelus sigillatus,35.670778,-83.481653,2016,GRSM.2016.22,8cb7c449-ba11-4464-865e-8029b8d772e8
Pterostichus tristis,35.670778,-83.481653,2016,GRSM.2016.26,8cb7c449-ba11-4464-865e-8029b8d772e8
Carabus goryi,35.684589,-83.532102,2016,GRSM.2016.26,8cb7c449-ba11-4464-865e-8029b8d772e8
Cyclotrachelus sigillatus,35.670778,-83.481653,2016,GRSM.2016.26,8cb7c449-ba11-4464-865e-8029b8d772e8
Pasimachus punctulatus,35.679121,-83.482275,2016,GRSM.2016.26,8cb7c449-ba11-4464-865e-8029b8d772e8
Sphaeroderus stenostomus,35.684589,-83.532102,2016,GRSM.2016.26,8cb7c449-ba11-4464-865e-8029b8d772e8
Galerita bicolor,35.684589,-83.532102,2016,GRSM.2016.26,8cb7c449-ba11-4464-865e-8029b8d772e8
Sphaeroderus stenostomus,35.670778,-83.481653,2016,GRSM.2016.24,8cb7c449-ba11-4464-865e-8029b8d772e8
Sphaeroderus bicarinatus,35.670778,-83.481653,2016,GRSM.2016.24,8cb7c449-ba11-4464-865e-8029b8d772e8
Sphaeroderus bicarinatus,35.670778,-83.481653,2016,GRSM.2016.24,8cb7c449-ba11-4464-865e-8029b8d772e8
Sphaeroderus stenostomus,35.670778,-83.481653,2016,GRSM.2016.24,8cb7c449-ba11-4464-865e-8029b8d772e8
Galerita bicolor,35.679121,-83.482275,2016,GRSM.2016.24,8cb7c449-ba11-4464-865e-8029b8d772e8
Cyclotrachelus freitagi,35.66449,-83.524234,2016,GRSM.2016.28,8cb7c449-ba11-4464-865e-8029b8d772e8
Dicaelus teter,35.670778,-83.481653,2016,GRSM.2016.24,8cb7c449-ba11-4464-865e-8029b8d772e8
Cyclotrachelus freitagi,35.670778,-83.481653,2016,GRSM.2016.30,8cb7c449-ba11-4464-865e-8029b8d772e8
Dicaelus teter,35.684589,-83.532102,2016,GRSM.2016.30,8cb7c449-ba11-4464-865e-8029b8d772e8
Carabus goryi,35.66449,-83.524234,2016,GRSM.2016.30,8cb7c449-ba11-4464-865e-8029b8d772e8
Sphaeroderus bicarinatus,35.670778,-83.481653,2016,GRSM.2016.30,8cb7c449-ba11-4464-865e-8029b8d772e8
Dicaelus dilatatus,35.66449,-83.524234,2016,GRSM.2016.26,8cb7c449-ba11-4464-865e-8029b8d772e8
Pasimachus punctulatus,35.66449,-83.524234,2016,GRSM.2016.26,8cb7c449-ba11-4464-865e-8029b8d772e8
Sphaeroderus bicarinatus,35.670778,-83.481653,2016,GRSM.2016.18,8cb7c449-ba11-4464-865e-8029b8d772e8
Sphaeroderus stenostomus,35.66449,-83.524234,2016,GRSM.2016.18,8cb7c449-ba11-4464-865e-8029b8d772e8
Pasimachus punctulatus,35.66449,-83.524234,2016,GRSM.2016.18,8cb7c449-ba11-4464-865e-8029b8d772e8
Dicaelus teter,35.679121,-83.482275,2016,GRSM.2016.20,8cb7c449-ba11-4464-865e-8029b8d772e8
Carabus goryi,35.679121,-83.482275,2016,GRSM.2016.22,8cb7c449-ba11-4464-865e-8029b8d772e8
Sphaeroderus stenostomus,35.670778,-83.481653,2016,GRSM.2016.20,8cb7c449-ba11-4464-865e-8029b8d772e8
Dicaelus teter,35.679121,-83.482275,2016,GRSM.2016.20,8cb7c449-ba11-4464-865e-8029b8d772e8
Sphaeroderus stenostomus,35.679121,-83.482275,2016,GRSM.2016.20,8cb7c449-ba11-4464-865e-8029b8d772e8
Carabus goryi,35.66449,-83.524234,2016,GRSM.2016.28,2564e9e2-0248-4a3b-8344-24fc0956ed73
Pasimachus punctulatus,35.66449,-83.524234,2016,GRSM.2016.22,2564e9e2-0248-4a3b-8344-24fc0956ed73
Dicaelus dilatatus,35.66449,-83.524234,2016,GRSM.2016.26,2564e9e2-0248-4a3b-8344-24fc0956ed73
Sphaeroderus canadensis,35.679121,-83.482275,2016,GRSM.2016.22,2564e9e2-0248-4a3b-8344-24fc0956ed73
Dicaelus dilatatus,35.684589,-83.532102,2016,GRSM.2016.32,2564e9e2-0248-4a3b-8344-24fc0956ed73
Pterostichus acutipes,35.679121,-83.482275,2016,GRSM.2016.28,2564e9e2-0248-4a3b-8344-24fc0956ed73
Cyclotrachelus sigillatus,35.670778,-83.481653,2016,GRSM.2016.22,2564e9e2-0248-4a3b-8344-24fc0956ed73
Carabus goryi,35.66449,-83.524234,2017,GRSM.2017.26,2564e9e2-0248-4a3b-8344-24fc0956ed73
Carabus goryi,35.670778,-83.481653,2016,GRSM.2016.36,2564e9e2-0248-4a3b-8344-24fc0956ed73
Sphaeroderus canadensis,35.66449,-83.524234,2016,GRSM.2016.20,2564e9e2-0248-4a3b-8344-24fc0956ed73
Cyclotrachelus sigillatus,35.66449,-83.524234,2016,GRSM.2016.34,2564e9e2-0248-4a3b-8344-24fc0956ed73
Dicaelus dilatatus,35.679121,-83.482275,2016,GRSM.2016.30,2564e9e2-0248-4a3b-8344-24fc0956ed73
Pterostichus acutipes,35.66449,-83.524234,2017,GRSM.2017.32,2564e9e2-0248-4a3b-8344-24fc0956ed73
Dicaelus teter,35.670778,-83.481653,2016,GRSM.2016.20,2564e9e2-0248-4a3b-8344-24fc0956ed73
Pasimachus punctulatus,35.66449,-83.524234,2017,GRSM.2017.28,2564e9e2-0248-4a3b-8344-24fc0956ed73
Cyclotrachelus sigillatus,35.670778,-83.481653,2016,GRSM.2016.34,2564e9e2-0248-4a3b-8344-24fc0956ed73
Pterostichus acutipes,35.66449,-83.524234,2016,GRSM.2016.34,2564e9e2-0248-4a3b-8344-24fc0956ed73
Cyclotrachelus freitagi,35.66449,-83.524234,2016,GRSM.2016.28,2564e9e2-0248-4a3b-8344-24fc0956ed73
Dicaelus teter,35.670778,-83.481653,2016,GRSM.2016.22,2564e9e2-0248-4a3b-8344-24fc0956ed73
Dicaelus teter,35.679121,-83.482275,2016,GRSM.2016.34,2564e9e2-0248-4a3b-8344-24fc0956ed73
Cyclotrachelus freitagi,35.66449,-83.524234,2016,GRSM.2016.36,2564e9e2-0248-4a3b-8344-24fc0956ed73
Pterostichus tristis,35.670778,-83.481653,2017,GRSM.2017.36,2564e9e2-0248-4a3b-8344-24fc0956ed73
Pterostichus tristis,35.66449,-83.524234,2016,GRSM.2016.38,2564e9e2-0248-4a3b-8344-24fc0956ed73
Dicaelus dilatatus,35.679121,-83.482275,2017,GRSM.2017.30,2564e9e2-0248-4a3b-8344-24fc0956ed73
Pterostichus acutipes,35.670778,-83.481653,2016,GRSM.2016.28,2564e9e2-0248-4a3b-8344-24fc0956ed73
Cyclotrachelus sigillatus,35.684589,-83.532102,2016,GRSM.2016.30,2564e9e2-0248-4a3b-8344-24fc0956ed73
Cyclotrachelus freitagi,35.66449,-83.524234,2016,GRSM.2016.30,2564e9e2-0248-4a3b-8344-24fc0956ed73
Pterostichus acutipes,35.670778,-83.481653,2016,GRSM.2016.30,2564e9e2-0248-4a3b-8344-24fc0956ed73
Pasimachus punctulatus,35.66449,-83.524234,2016,GRSM.2016.20,2564e9e2-0248-4a3b-8344-24fc0956ed73
Sphaeroderus canadensis,35.670778,-83.481653,2016,GRSM.2016.26,2564e9e2-0248-4a3b-8344-24fc0956ed73
Pterostichus acutipes,35.684589,-83.532102,2017,GRSM.2017.32,2564e9e2-0248-4a3b-8344-24fc0956ed73
Pterostichus acutipes,35.684589,-83.532102,2017,GRSM.2017.36,2564e9e2-0248-4a3b-8344-24fc0956ed73
Pasimachus punctulatus,35.679121,-83.482275,2016,GRSM.2016.26,2564e9e2-0248-4a3b-8344-24fc0956ed73
Carabus goryi,35.66449,-83.524234,2017,GRSM.2017.24,2564e9e2-0248-4a3b-8344-24fc0956ed73
Pasimachus punctulatus,35.66449,-83.524234,2016,GRSM.2016.32,2564e9e2-0248-4a3b-8344-24fc0956ed73
Dicaelus teter,35.679121,-83.482275,2016,GRSM.2016.20,2564e9e2-0248-4a3b-8344-24fc0956ed73
Dicaelus teter,35.670778,-83.481653,2016,GRSM.2016.24,2564e9e2-0248-4a3b-8344-24fc0956ed73
Dicaelus teter,35.684589,-83.532102,2016,GRSM.2016.24,2564e9e2-0248-4a3b-8344-24fc0956ed73
Pterostichus acutipes,35.670778,-83.481653,2016,GRSM.2016.38,2564e9e2-0248-4a3b-8344-24fc0956ed73
Carabus goryi,35.66449,-83.524234,2017,GRSM.2017.14,2564e9e2-0248-4a3b-8344-24fc0956ed73
Sphaeroderus canadensis,35.66449,-83.524234,2016,GRSM.2016.24,2564e9e2-0248-4a3b-8344-24fc0956ed73
Cyclotrachelus sigillatus,35.670778,-83.481653,2016,GRSM.2016.32,2564e9e2-0248-4a3b-8344-24fc0956ed73
Dicaelus dilatatus,35.679121,-83.482275,2016,GRSM.2016.18,2564e9e2-0248-4a3b-8344-24fc0956ed73
Cyclotrachelus freitagi,35.679121,-83.482275,2016,GRSM.2016.36,2564e9e2-0248-4a3b-8344-24fc0956ed73
Dicaelus dilatatus,35.679121,-83.482275,2016,GRSM.2016.26,2564e9e2-0248-4a3b-8344-24fc0956ed73
Dicaelus dilatatus,35.679121,-83.482275,2016,GRSM.2016.28,2564e9e2-0248-4a3b-8344-24fc0956ed73
Cyclotrachelus sigillatus,35.66449,-83.524234,2016,GRSM.2016.30,2564e9e2-0248-4a3b-8344-24fc0956ed73
Pterostichus tristis,35.670778,-83.481653,2016,GRSM.2016.38,2564e9e2-0248-4a3b-8344-24fc0956ed73
Cyclotrachelus sigillatus,35.66449,-83.524234,2016,GRSM.2016.28,2564e9e2-0248-4a3b-8344-24fc0956ed73
Carabus goryi,35.66449,-83.524234,2017,GRSM.2017.16,2564e9e2-0248-4a3b-8344-24fc0956ed73
Cyclotrachelus sigillatus,35.684589,-83.532102,2016,GRSM.2016.34,2564e9e2-0248-4a3b-8344-24fc0956ed73
Cyclotrachelus sigillatus,35.684589,-83.532102,2016,GRSM.2016.28,2564e9e2-0248-4a3b-8344-24fc0956ed73
Pasimachus punctulatus,35.66449,-83.524234,2016,GRSM.2016.26,2564e9e2-0248-4a3b-8344-24fc0956ed73
Sphaeroderus canadensis,35.670778,-83.481653,2016,GRSM.2016.18,2564e9e2-0248-4a3b-8344-24fc0956ed73
Carabus goryi,35.684589,-83.532102,2017,GRSM.2017.24,2564e9e2-0248-4a3b-8344-24fc0956ed73
Cyclotrachelus sigillatus,35.684589,-83.532102,2016,GRSM.2016.32,2564e9e2-0248-4a3b-8344-24fc0956ed73
Dicaelus teter,35.679121,-83.482275,2016,GRSM.2016.28,2564e9e2-0248-4a3b-8344-24fc0956ed73
Cyclotrachelus sigillatus,35.66449,-83.524234,2016,GRSM.2016.32,2564e9e2-0248-4a3b-8344-24fc0956ed73
Galerita bicolor,35.679121,-83.482275,2016,GRSM.2016.26,2564e9e2-0248-4a3b-8344-24fc0956ed73
Sphaeroderus canadensis,35.679121,-83.482275,2016,GRSM.2016.18,2564e9e2-0248-4a3b-8344-24fc0956ed73
Sphaeroderus canadensis,35.679121,-83.482275,2016,GRSM.2016.20,2564e9e2-0248-4a3b-8344-24fc0956ed73
Cyclotrachelus freitagi,35.670778,-83.481653,2016,GRSM.2016.30,2564e9e2-0248-4a3b-8344-24fc0956ed73
Dicaelus teter,35.684589,-83.532102,2016,GRSM.2016.26,2564e9e2-0248-4a3b-8344-24fc0956ed73
Galerita bicolor,35.684589,-83.532102,2016,GRSM.2016.30,2564e9e2-0248-4a3b-8344-24fc0956ed73
Carabus goryi,35.670778,-83.481653,2016,GRSM.2016.34,2564e9e2-0248-4a3b-8344-24fc0956ed73
Pterostichus acutipes,35.66449,-83.524234,2016,GRSM.2016.30,2564e9e2-0248-4a3b-8344-24fc0956ed73
Dicaelus teter,35.679121,-83.482275,2016,GRSM.2016.22,2564e9e2-0248-4a3b-8344-24fc0956ed73
Pterostichus acutipes,35.66449,-83.524234,2016,GRSM.2016.20,2564e9e2-0248-4a3b-8344-24fc0956ed73
Cyclotrachelus sigillatus,35.670778,-83.481653,2016,GRSM.2016.28,2564e9e2-0248-4a3b-8344-24fc0956ed73
Cyclotrachelus sigillatus,35.670778,-83.481653,2016,GRSM.2016.26,2564e9e2-0248-4a3b-8344-24fc0956ed73
Sphaeroderus canadensis,35.684589,-83.532102,2016,GRSM.2016.26,044d870e-5718-410a-9450-9c2ceac8e1d9
Sphaeroderus bicarinatus,35.670778,-83.481653,2016,GRSM.2016.24,044d870e-5718-410a-9450-9c2ceac8e1d9
Carabus goryi,35.684589,-83.532102,2016,GRSM.2016.20,044d870e-5718-410a-9450-9c2ceac8e1d9
Dicaelus teter,35.670778,-83.481653,2017,GRSM.2017.28,044d870e-5718-410a-9450-9c2ceac8e1d9
Carabus goryi,35.684589,-83.532102,2016,GRSM.2016.18,044d870e-5718-410a-9450-9c2ceac8e1d9
Dicaelus dilatatus,35.684589,-83.532102,2016,GRSM.2016.28,044d870e-5718-410a-9450-9c2ceac8e1d9
Carabus goryi,35.66449,-83.524234,2016,GRSM.2016.22,044d870e-5718-410a-9450-9c2ceac8e1d9
Pterostichus acutipes,35.66449,-83.524234,2016,GRSM.2016.36,044d870e-5718-410a-9450-9c2ceac8e1d9
Carabus goryi,35.670778,-83.481653,2016,GRSM.2016.22,044d870e-5718-410a-9450-9c2ceac8e1d9
Carabus goryi,35.670778,-83.481653,2016,GRSM.2016.28,044d870e-5718-410a-9450-9c2ceac8e1d9
Carabus goryi,35.670778,-83.481653,2016,GRSM.2016.20,044d870e-5718-410a-9450-9c2ceac8e1d9
Cyclotrachelus sigillatus,35.684589,-83.532102,2017,GRSM.2017.36,044d870e-5718-410a-9450-9c2ceac8e1d9
Galerita bicolor,35.684589,-83.532102,2016,GRSM.2016.24,044d870e-5718-410a-9450-9c2ceac8e1d9
Carabus goryi,35.679121,-83.482275,2016,GRSM.2016.20,044d870e-5718-410a-9450-9c2ceac8e1d9
Carabus goryi,35.679121,-83.482275,2016,GRSM.2016.28,044d870e-5718-410a-9450-9c2ceac8e1d9
Dicaelus dilatatus,35.684589,-83.532102,2016,GRSM.2016.30,044d870e-5718-410a-9450-9c2ceac8e1d9
Dicaelus teter,35.670778,-83.481653,2016,GRSM.2016.26,044d870e-5718-410a-9450-9c2ceac8e1d9
Carabus goryi,35.679121,-83.482275,2016,GRSM.2016.18,044d870e-5718-410a-9450-9c2ceac8e1d9
Dicaelus teter,35.670778,-83.481653,2016,GRSM.2016.36,044d870e-5718-410a-9450-9c2ceac8e1d9
Galerita bicolor,35.684589,-83.532102,2016,GRSM.2016.26,044d870e-5718-410a-9450-9c2ceac8e1d9
Carabus goryi,35.66449,-83.524234,2016,GRSM.2016.24,044d870e-5718-410a-9450-9c2ceac8e1d9
Cyclotrachelus freitagi,35.670778,-83.481653,2016,GRSM.2016.28,044d870e-5718-410a-9450-9c2ceac8e1d9
Pterostichus acutipes,35.670778,-83.481653,2016,GRSM.2016.18,044d870e-5718-410a-9450-9c2ceac8e1d9
Dicaelus teter,35.679121,-83.482275,2016,GRSM.2016.32,044d870e-5718-410a-9450-9c2ceac8e1d9
Pterostichus acutipes,35.679121,-83.482275,2016,GRSM.2016.36,044d870e-5718-410a-9450-9c2ceac8e1d9
Pterostichus acutipes,35.66449,-83.524234,2016,GRSM.2016.26,044d870e-5718-410a-9450-9c2ceac8e1d9
Dicaelus dilatatus,35.66449,-83.524234,2016,GRSM.2016.28,044d870e-5718-410a-9450-9c2ceac8e1d9
Pterostichus acutipes,35.670778,-83.481653,2016,GRSM.2016.36,044d870e-5718-410a-9450-9c2ceac8e1d9
Galerita bicolor,35.684589,-83.532102,2016,GRSM.2016.28,044d870e-5718-410a-9450-9c2ceac8e1d9
Pterostichus acutipes,35.66449,-83.524234,2016,GRSM.2016.38,044d870e-5718-410a-9450-9c2ceac8e1d9
Carabus goryi,35.670778,-83.481653,2016,GRSM.2016.18,044d870e-5718-410a-9450-9c2ceac8e1d9
Cyclotrachelus sigillatus,35.66449,-83.524234,2016,GRSM.2016.38,044d870e-5718-410a-9450-9c2ceac8e1d9
Carabus goryi,35.66449,-83.524234,2016,GRSM.2016.20,044d870e-5718-410a-9450-9c2ceac8e1d9
Cyclotrachelus sigillatus,35.684589,-83.532102,2016,GRSM.2016.38,044d870e-5718-410a-9450-9c2ceac8e1d9
Cyclotrachelus sigillatus,35.66449,-83.524234,2016,GRSM.2016.36,044d870e-5718-410a-9450-9c2ceac8e1d9
Dicaelus teter,35.670778,-83.481653,2016,GRSM.2016.28,044d870e-5718-410a-9450-9c2ceac8e1d9
Pterostichus acutipes,35.679121,-83.482275,2016,GRSM.2016.34,044d870e-5718-410a-9450-9c2ceac8e1d9
Carabus goryi,35.684589,-83.532102,2016,GRSM.2016.28,044d870e-5718-410a-9450-9c2ceac8e1d9
Cyclotrachelus sigillatus,35.670778,-83.481653,2016,GRSM.2016.36,044d870e-5718-410a-9450-9c2ceac8e1d9
Cyclotrachelus freitagi,35.66449,-83.524234,2016,GRSM.2016.24,044d870e-5718-410a-9450-9c2ceac8e1d9
Carabus goryi,35.679121,-83.482275,2016,GRSM.2016.22,044d870e-5718-410a-9450-9c2ceac8e1d9
Carabus goryi,35.679121,-83.482275,2016,GRSM.2016.26,044d870e-5718-410a-9450-9c2ceac8e1d9
Pterostichus tristis,35.670778,-83.481653,2017,GRSM.2017.34,044d870e-5718-410a-9450-9c2ceac8e1d9
Carabus goryi,35.684589,-83.532102,2016,GRSM.2016.22,044d870e-5718-410a-9450-9c2ceac8e1d9
Carabus goryi,35.679121,-83.482275,2016,GRSM.2016.30,044d870e-5718-410a-9450-9c2ceac8e1d9
Pasimachus punctulatus,35.66449,-83.524234,2016,GRSM.2016.28,044d870e-5718-410a-9450-9c2ceac8e1d9
Carabus goryi,35.66449,-83.524234,2016,GRSM.2016.26,044d870e-5718-410a-9450-9c2ceac8e1d9
Dicaelus dilatatus,35.679121,-83.482275,2016,GRSM.2016.32,044d870e-5718-410a-9450-9c2ceac8e1d9
Carabus goryi,35.684589,-83.532102,2016,GRSM.2016.26,044d870e-5718-410a-9450-9c2ceac8e1d9
Dicaelus dilatatus,35.684589,-83.532102,2016,GRSM.2016.24,044d870e-5718-410a-9450-9c2ceac8e1d9
Pterostichus acutipes,35.679121,-83.482275,2017,GRSM.2017.32,044d870e-5718-410a-9450-9c2ceac8e1d9
Cyclotrachelus sigillatus,35.684589,-83.532102,2016,GRSM.2016.26,044d870e-5718-410a-9450-9c2ceac8e1d9
Carabus goryi,35.684589,-83.532102,2016,GRSM.2016.24,044d870e-5718-410a-9450-9c2ceac8e1d9
Dicaelus dilatatus,35.684589,-83.532102,2016,GRSM.2016.26,044d870e-5718-410a-9450-9c2ceac8e1d9
Carabus goryi,35.670778,-83.481653,2017,GRSM.2017.16,044d870e-5718-410a-9450-9c2ceac8e1d9
Carabus goryi,35.679121,-83.482275,2016,GRSM.2016.32,044d870e-5718-410a-9450-9c2ceac8e1d9
Dicaelus teter,35.670778,-83.481653,2017,GRSM.2017.30,044d870e-5718-410a-9450-9c2ceac8e1d9
Pterostichus acutipes,35.670778,-83.481653,2017,GRSM.2017.32,044d870e-5718-410a-9450-9c2ceac8e1d9
Carabus goryi,35.670778,-83.481653,2016,GRSM.2016.26,044d870e-5718-410a-9450-9c2ceac8e1d9
Carabus goryi,35.670778,-83.481653,2016,GRSM.2016.32,044d870e-5718-410a-9450-9c2ceac8e1d9
Dicaelus dilatatus,35.679121,-83.482275,2017,GRSM.2017.28,044d870e-5718-410a-9450-9c2ceac8e1d9
Pterostichus acutipes,35.679121,-83.482275,2016,GRSM.2016.38,044d870e-5718-410a-9450-9c2ceac8e1d9
Carabus goryi,35.66449,-83.524234,2016,GRSM.2016.18,044d870e-5718-410a-9450-9c2ceac8e1d9
Sphaeroderus canadensis,35.670778,-83.481653,2016,GRSM.2016.22,044d870e-5718-410a-9450-9c2ceac8e1d9
Dicaelus teter,35.670778,-83.481653,2016,GRSM.2016.32,044d870e-5718-410a-9450-9c2ceac8e1d9
Dicaelus teter,35.679121,-83.482275,2016,GRSM.2016.24,044d870e-5718-410a-9450-9c2ceac8e1d9
Pterostichus acutipes,35.670778,-83.481653,2016,GRSM.2016.32,044d870e-5718-410a-9450-9c2ceac8e1d9
Pasimachus punctulatus,35.66449,-83.524234,2016,GRSM.2016.24,044d870e-5718-410a-9450-9c2ceac8e1d9
Pterostichus acutipes,35.670778,-83.481653,2016,GRSM.2016.26,044d870e-5718-410a-9450-9c2ceac8e1d9
Carabus goryi,35.679121,-83.482275,2017,GRSM.2017.16,044d870e-5718-410a-9450-9c2ceac8e1d9
Carabus goryi,35.679121,-83.482275,2016,GRSM.2016.24,044d870e-5718-410a-9450-9c2ceac8e1d9
Carabus goryi,35.684589,-83.532102,2017,GRSM.2017.20,044d870e-5718-410a-9450-9c2ceac8e1d9
Dicaelus teter,35.679121,-83.482275,2016,GRSM.2016.30,044d870e-5718-410a-9450-9c2ceac8e1d9
Carabus goryi,35.684589,-83.532102,2017,GRSM.2017.18,044d870e-5718-410a-9450-9c2ceac8e1d9
Carabus goryi,35.684589,-83.532102,2016,GRSM.2016.30,044d870e-5718-410a-9450-9c2ceac8e1d9
Cyclotrachelus sigillatus,35.684589,-83.532102,2016,GRSM.2016.24,044d870e-5718-410a-9450-9c2ceac8e1d9
Carabus goryi,35.670778,-83.481653,2017,GRSM.2017.14,044d870e-5718-410a-9450-9c2ceac8e1d9
Carabus goryi,35.684589,-83.532102,2017,GRSM.2017.28,044d870e-5718-410a-9450-9c2ceac8e1d9
Carabus goryi,35.670778,-83.481653,2016,GRSM.2016.24,044d870e-5718-410a-9450-9c2ceac8e1d9
Cyclotrachelus sigillatus,35.670778,-83.481653,2016,GRSM.2016.30,044d870e-5718-410a-9450-9c2ceac8e1d9
Pterostichus acutipes,35.679121,-83.482275,2016,GRSM.2016.30,044d870e-5718-410a-9450-9c2ceac8e1d9
Cyclotrachelus sigillatus,35.684589,-83.532102,2016,GRSM.2016.36,044d870e-5718-410a-9450-9c2ceac8e1d9
Pasimachus punctulatus,35.679121,-83.482275,2017,GRSM.2017.26,044d870e-5718-410a-9450-9c2ceac8e1d9
Pterostichus acutipes,35.670778,-83.481653,2016,GRSM.2016.34,044d870e-5718-410a-9450-9c2ceac8e1d9
Dicaelus dilatatus,35.679121,-83.482275,2017,GRSM.2017.34,8cb7c449-ba11-4464-865e-8029b8d772e8
Pasimachus punctulatus,35.66449,-83.524234,2017,GRSM.2017.26,8cb7c449-ba11-4464-865e-8029b8d772e8
Dicaelus teter,35.670778,-83.481653,2017,GRSM.2017.26,8cb7c449-ba11-4464-865e-8029b8d772e8
Carabus goryi,35.684589,-83.532102,2017,GRSM.2017.22,8cb7c449-ba11-4464-865e-8029b8d772e8
Cyclotrachelus sigillatus,35.684589,-83.532102,2017,GRSM.2017.36,8cb7c449-ba11-4464-865e-8029b8d772e8
Carabus goryi,35.66449,-83.524234,2017,GRSM.2017.26,8cb7c449-ba11-4464-865e-8029b8d772e8
Dicaelus dilatatus,35.679121,-83.482275,2017,GRSM.2017.22,8cb7c449-ba11-4464-865e-8029b8d772e8
Dicaelus teter,35.670778,-83.481653,2017,GRSM.2017.26,8cb7c449-ba11-4464-865e-8029b8d772e8
Dicaelus dilatatus,35.684589,-83.532102,2017,GRSM.2017.24,8cb7c449-ba11-4464-865e-8029b8d772e8
Pasimachus punctulatus,35.66449,-83.524234,2017,GRSM.2017.26,8cb7c449-ba11-4464-865e-8029b8d772e8
Dicaelus dilatatus,35.684589,-83.532102,2017,GRSM.2017.22,8cb7c449-ba11-4464-865e-8029b8d772e8
Pterostichus acutipes,35.670778,-83.481653,2017,GRSM.2017.36,8cb7c449-ba11-4464-865e-8029b8d772e8
Dicaelus dilatatus,35.670778,-83.481653,2017,GRSM.2017.22,8cb7c449-ba11-4464-865e-8029b8d772e8
Cyclotrachelus freitagi,35.66449,-83.524234,2017,GRSM.2017.32,8cb7c449-ba11-4464-865e-8029b8d772e8
Pasimachus punctulatus,35.679121,-83.482275,2017,GRSM.2017.22,8cb7c449-ba11-4464-865e-8029b8d772e8
Dicaelus teter,35.679121,-83.482275,2017,GRSM.2017.14,8cb7c449-ba11-4464-865e-8029b8d772e8
Pterostichus acutipes,35.679121,-83.482275,2017,GRSM.2017.34,8cb7c449-ba11-4464-865e-8029b8d772e8
Carabus goryi,35.679121,-83.482275,2017,GRSM.2017.18,8cb7c449-ba11-4464-865e-8029b8d772e8
Pasimachus punctulatus,35.66449,-83.524234,2017,GRSM.2017.20,8cb7c449-ba11-4464-865e-8029b8d772e8
Pterostichus acutipes,35.670778,-83.481653,2017,GRSM.2017.36,8cb7c449-ba11-4464-865e-8029b8d772e8
Carabus goryi,35.670778,-83.481653,2017,GRSM.2017.14,8cb7c449-ba11-4464-865e-8029b8d772e8
Dicaelus dilatatus,35.684589,-83.532102,2017,GRSM.2017.30,8cb7c449-ba11-4464-865e-8029b8d772e8
Dicaelus teter,35.679121,-83.482275,2017,GRSM.2017.22,8cb7c449-ba11-4464-865e-8029b8d772e8
Carabus goryi,35.684589,-83.532102,2017,GRSM.2017.14,8cb7c449-ba11-4464-865e-8029b8d772e8
Carabus goryi,35.66449,-83.524234,2017,GRSM.2017.14,8cb7c449-ba11-4464-865e-8029b8d772e8
Carabus goryi,35.684589,-83.532102,2017,GRSM.2017.20,8cb7c449-ba11-4464-865e-8029b8d772e8
Dicaelus teter,35.670778,-83.481653,2017,GRSM.2017.22,8cb7c449-ba11-4464-865e-8029b8d772e8
Carabus goryi,35.670778,-83.481653,2017,GRSM.2017.22,8cb7c449-ba11-4464-865e-8029b8d772e8
Dicaelus dilatatus,35.679121,-83.482275,2017,GRSM.2017.26,8cb7c449-ba11-4464-865e-8029b8d772e8
Cyclotrachelus freitagi,35.684589,-83.532102,2017,GRSM.2017.28,8cb7c449-ba11-4464-865e-8029b8d772e8
Carabus goryi,35.66449,-83.524234,2017,GRSM.2017.22,8cb7c449-ba11-4464-865e-8029b8d772e8
Pterostichus tristis,35.670778,-83.481653,2017,GRSM.2017.32,8cb7c449-ba11-4464-865e-8029b8d772e8
Carabus goryi,35.684589,-83.532102,2017,GRSM.2017.26,8cb7c449-ba11-4464-865e-8029b8d772e8
Carabus goryi,35.66449,-83.524234,2017,GRSM.2017.22,8cb7c449-ba11-4464-865e-8029b8d772e8
Pterostichus acutipes,35.684589,-83.532102,2017,GRSM.2017.36,8cb7c449-ba11-4464-865e-8029b8d772e8
Pterostichus acutipes,35.670778,-83.481653,2017,GRSM.2017.30,8cb7c449-ba11-4464-865e-8029b8d772e8
Carabus goryi,35.670778,-83.481653,2017,GRSM.2017.18,8cb7c449-ba11-4464-865e-8029b8d772e8
Carabus goryi,35.670778,-83.481653,2017,GRSM.2017.30,8cb7c449-ba11-4464-865e-8029b8d772e8
Pasimachus punctulatus,35.679121,-83.482275,2017,GRSM.2017.22,8cb7c449-ba11-4464-865e-8029b8d772e8
Carabus goryi,35.670778,-83.481653,2017,GRSM.2017.14,8cb7c449-ba11-4464-865e-8029b8d772e8
Carabus goryi,35.684589,-83.532102,2017,GRSM.2017.18,8cb7c449-ba11-4464-865e-8029b8d772e8
Dicaelus teter,35.670778,-83.481653,2017,GRSM.2017.30,8cb7c449-ba11-4464-865e-8029b8d772e8
Carabus goryi,35.684589,-83.532102,2017,GRSM.2017.28,8cb7c449-ba11-4464-865e-8029b8d772e8
Carabus goryi,35.684589,-83.532102,2017,GRSM.2017.14,8cb7c449-ba11-4464-865e-8029b8d772e8
Pterostichus acutipes,35.66449,-83.524234,2017,GRSM.2017.34,8cb7c449-ba11-4464-865e-8029b8d772e8
Dicaelus teter,35.670778,-83.481653,2017,GRSM.2017.18,8cb7c449-ba11-4464-865e-8029b8d772e8
Carabus goryi,35.684589,-83.532102,2017,GRSM.2017.24,8cb7c449-ba11-4464-865e-8029b8d772e8
Carabus goryi,35.670778,-83.481653,2017,GRSM.2017.18,8cb7c449-ba11-4464-865e-8029b8d772e8
Pasimachus punctulatus,35.679121,-83.482275,2017,GRSM.2017.20,8cb7c449-ba11-4464-865e-8029b8d772e8
Carabus goryi,35.684589,-83.532102,2017,GRSM.2017.20,8cb7c449-ba11-4464-865e-8029b8d772e8
Dicaelus dilatatus,35.679121,-83.482275,2017,GRSM.2017.30,8cb7c449-ba11-4464-865e-8029b8d772e8
Pterostichus acutipes,35.66449,-83.524234,2017,GRSM.2017.20,8cb7c449-ba11-4464-865e-8029b8d772e8
Dicaelus teter,35.679121,-83.482275,2017,GRSM.2017.32,8cb7c449-ba11-4464-865e-8029b8d772e8
Carabus goryi,35.679121,-83.482275,2017,GRSM.2017.20,8cb7c449-ba11-4464-865e-8029b8d772e8
Dicaelus dilatatus,35.684589,-83.532102,2017,GRSM.2017.30,8cb7c449-ba11-4464-865e-8029b8d772e8
Dicaelus dilatatus,35.679121,-83.482275,2017,GRSM.2017.30,8cb7c449-ba11-4464-865e-8029b8d772e8
Pasimachus punctulatus,35.66449,-83.524234,2017,GRSM.2017.30,8cb7c449-ba11-4464-865e-8029b8d772e8
Dicaelus teter,35.679121,-83.482275,2017,GRSM.2017.20,8cb7c449-ba11-4464-865e-8029b8d772e8
Pasimachus punctulatus,35.66449,-83.524234,2017,GRSM.2017.16,8cb7c449-ba11-4464-865e-8029b8d772e8
Pterostichus acutipes,35.679121,-83.482275,2017,GRSM.2017.24,8cb7c449-ba11-4464-865e-8029b8d772e8
Pterostichus acutipes,35.670778,-83.481653,2017,GRSM.2017.28,8cb7c449-ba11-4464-865e-8029b8d772e8
Carabus goryi,35.670778,-83.481653,2017,GRSM.2017.28,8cb7c449-ba11-4464-865e-8029b8d772e8
Carabus goryi,35.670778,-83.481653,2017,GRSM.2017.28,8cb7c449-ba11-4464-865e-8029b8d772e8
Dicaelus teter,35.670778,-83.481653,2017,GRSM.2017.22,8cb7c449-ba11-4464-865e-8029b8d772e8
Dicaelus dilatatus,35.670778,-83.481653,2017,GRSM.2017.28,8cb7c449-ba11-4464-865e-8029b8d772e8
Carabus goryi,35.66449,-83.524234,2017,GRSM.2017.18,8cb7c449-ba11-4464-865e-8029b8d772e8
Carabus goryi,35.684589,-83.532102,2016,GRSM.2016.18,8cb7c449-ba11-4464-865e-8029b8d772e8
Dicaelus dilatatus,35.679121,-83.482275,2017,GRSM.2017.14,8cb7c449-ba11-4464-865e-8029b8d772e8
Carabus goryi,35.66449,-83.524234,2017,GRSM.2017.16,8cb7c449-ba11-4464-865e-8029b8d772e8
Dicaelus dilatatus,35.679121,-83.482275,2017,GRSM.2017.22,8cb7c449-ba11-4464-865e-8029b8d772e8
Pterostichus acutipes,35.679121,-83.482275,2017,GRSM.2017.32,8cb7c449-ba11-4464-865e-8029b8d772e8
Carabus goryi,35.66449,-83.524234,2017,GRSM.2017.26,8cb7c449-ba11-4464-865e-8029b8d772e8
Carabus goryi,35.679121,-83.482275,2017,GRSM.2017.16,8cb7c449-ba11-4464-865e-8029b8d772e8
Cyclotrachelus sigillatus,35.670778,-83.481653,2017,GRSM.2017.24,8cb7c449-ba11-4464-865e-8029b8d772e8
Pasimachus punctulatus,35.679121,-83.482275,2017,GRSM.2017.20,8cb7c449-ba11-4464-865e-8029b8d772e8
Carabus goryi,35.679121,-83.482275,2017,GRSM.2017.18,8cb7c449-ba11-4464-865e-8029b8d772e8
Carabus goryi,35.670778,-83.481653,2017,GRSM.2017.18,8cb7c449-ba11-4464-865e-8029b8d772e8
Dicaelus teter,35.670778,-83.481653,2017,GRSM.2017.22,8cb7c449-ba11-4464-865e-8029b8d772e8
Cyclotrachelus sigillatus,35.670778,-83.481653,2017,GRSM.2017.30,8cb7c449-ba11-4464-865e-8029b8d772e8
Pterostichus acutipes,35.670778,-83.481653,2017,GRSM.2017.22,8cb7c449-ba11-4464-865e-8029b8d772e8
Cyclotrachelus freitagi,35.684589,-83.532102,2017,GRSM.2017.24,8cb7c449-ba11-4464-865e-8029b8d772e8
Dicaelus teter,35.679121,-83.482275,2017,GRSM.2017.22,8cb7c449-ba11-4464-865e-8029b8d772e8
Dicaelus dilatatus,35.670778,-83.481653,2017,GRSM.2017.32,8cb7c449-ba11-4464-865e-8029b8d772e8
Pterostichus acutipes,35.684589,-83.532102,2017,GRSM.2017.32,8cb7c449-ba11-4464-865e-8029b8d772e8
Dicaelus teter,35.670778,-83.481653,2017,GRSM.2017.26,8cb7c449-ba11-4464-865e-8029b8d772e8
Carabus goryi,35.684589,-83.532102,2017,GRSM.2017.26,8cb7c449-ba11-4464-865e-8029b8d772e8
Carabus goryi,35.684589,-83.532102,2017,GRSM.2017.14,8cb7c449-ba11-4464-865e-8029b8d772e8
Pterostichus acutipes,35.66449,-83.524234,2017,GRSM.2017.20,8cb7c449-ba11-4464-865e-8029b8d772e8
Carabus goryi,35.684589,-83.532102,2017,GRSM.2017.18,8cb7c449-ba11-4464-865e-8029b8d772e8
Carabus goryi,35.684589,-83.532102,2017,GRSM.2017.20,8cb7c449-ba11-4464-865e-8029b8d772e8
Carabus goryi,35.66449,-83.524234,2017,GRSM.2017.22,8cb7c449-ba11-4464-865e-8029b8d772e8
Carabus goryi,35.670778,-83.481653,2017,GRSM.2017.30,8cb7c449-ba11-4464-865e-8029b8d772e8
Carabus goryi,35.684589,-83.532102,2017,GRSM.2017.16,8cb7c449-ba11-4464-865e-8029b8d772e8
Carabus goryi,35.684589,-83.532102,2017,GRSM.2017.18,8cb7c449-ba11-4464-865e-8029b8d772e8
Pterostichus acutipes,35.679121,-83.482275,2017,GRSM.2017.34,8cb7c449-ba11-4464-865e-8029b8d772e8
Dicaelus dilatatus,35.679121,-83.482275,2017,GRSM.2017.24,8cb7c449-ba11-4464-865e-8029b8d772e8
Carabus goryi,35.684589,-83.532102,2017,GRSM.2017.26,8cb7c449-ba11-4464-865e-8029b8d772e8
Carabus goryi,35.679121,-83.482275,2017,GRSM.2017.14,8cb7c449-ba11-4464-865e-8029b8d772e8
Carabus goryi,35.66449,-83.524234,2017,GRSM.2017.22,8cb7c449-ba11-4464-865e-8029b8d772e8
Carabus goryi,35.66449,-83.524234,2017,GRSM.2017.28,8cb7c449-ba11-4464-865e-8029b8d772e8
Dicaelus dilatatus,35.670778,-83.481653,2017,GRSM.2017.28,8cb7c449-ba11-4464-865e-8029b8d772e8
Dicaelus dilatatus,35.679121,-83.482275,2017,GRSM.2017.24,8cb7c449-ba11-4464-865e-8029b8d772e8
Pasimachus punctulatus,35.679121,-83.482275,2017,GRSM.2017.18,8cb7c449-ba11-4464-865e-8029b8d772e8
Pterostichus acutipes,35.670778,-83.481653,2017,GRSM.2017.34,8cb7c449-ba11-4464-865e-8029b8d772e8
Dicaelus dilatatus,35.679121,-83.482275,2017,GRSM.2017.18,8cb7c449-ba11-4464-865e-8029b8d772e8
Dicaelus dilatatus,35.679121,-83.482275,2017,GRSM.2017.24,8cb7c449-ba11-4464-865e-8029b8d772e8
Carabus goryi,35.679121,-83.482275,2017,GRSM.2017.16,8cb7c449-ba11-4464-865e-8029b8d772e8
Dicaelus dilatatus,35.679121,-83.482275,2017,GRSM.2017.26,8cb7c449-ba11-4464-865e-8029b8d772e8
Pterostichus acutipes,35.670778,-83.481653,2017,GRSM.2017.34,8cb7c449-ba11-4464-865e-8029b8d772e8
Dicaelus dilatatus,35.684589,-83.532102,2017,GRSM.2017.18,8cb7c449-ba11-4464-865e-8029b8d772e8
Carabus goryi,35.66449,-83.524234,2017,GRSM.2017.30,8cb7c449-ba11-4464-865e-8029b8d772e8
Pasimachus punctulatus,35.66449,-83.524234,2017,GRSM.2017.26,8cb7c449-ba11-4464-865e-8029b8d772e8
Pterostichus acutipes,35.66449,-83.524234,2017,GRSM.2017.22,8cb7c449-ba11-4464-865e-8029b8d772e8
Dicaelus dilatatus,35.679121,-83.482275,2017,GRSM.2017.26,8cb7c449-ba11-4464-865e-8029b8d772e8
Carabus goryi,35.670778,-83.481653,2017,GRSM.2017.14,8cb7c449-ba11-4464-865e-8029b8d772e8
Carabus goryi,35.670778,-83.481653,2017,GRSM.2017.20,8cb7c449-ba11-4464-865e-8029b8d772e8
Pasimachus punctulatus,35.66449,-83.524234,2017,GRSM.2017.20,8cb7c449-ba11-4464-865e-8029b8d772e8
Dicaelus dilatatus,35.679121,-83.482275,2017,GRSM.2017.20,8cb7c449-ba11-4464-865e-8029b8d772e8
Dicaelus dilatatus,35.679121,-83.482275,2017,GRSM.2017.24,8cb7c449-ba11-4464-865e-8029b8d772e8
Carabus goryi,35.66449,-83.524234,2017,GRSM.2017.28,8cb7c449-ba11-4464-865e-8029b8d772e8
Carabus goryi,35.679121,-83.482275,2017,GRSM.2017.18,8cb7c449-ba11-4464-865e-8029b8d772e8
Dicaelus dilatatus,35.679121,-83.482275,2017,GRSM.2017.14,8cb7c449-ba11-4464-865e-8029b8d772e8
Pasimachus punctulatus,35.679121,-83.482275,2017,GRSM.2017.32,8cb7c449-ba11-4464-865e-8029b8d772e8
Pterostichus acutipes,35.66449,-83.524234,2017,GRSM.2017.32,8cb7c449-ba11-4464-865e-8029b8d772e8
Dicaelus teter,35.679121,-83.482275,2017,GRSM.2017.28,8cb7c449-ba11-4464-865e-8029b8d772e8
Dicaelus dilatatus,35.679121,-83.482275,2017,GRSM.2017.28,8cb7c449-ba11-4464-865e-8029b8d772e8
Carabus goryi,35.684589,-83.532102,2017,GRSM.2017.22,8cb7c449-ba11-4464-865e-8029b8d772e8
Pasimachus punctulatus,35.679121,-83.482275,2017,GRSM.2017.28,8cb7c449-ba11-4464-865e-8029b8d772e8
Dicaelus dilatatus,35.670778,-83.481653,2017,GRSM.2017.28,8cb7c449-ba11-4464-865e-8029b8d772e8
Carabus goryi,35.66449,-83.524234,2017,GRSM.2017.30,8cb7c449-ba11-4464-865e-8029b8d772e8
Pterostichus acutipes,35.684589,-83.532102,2017,GRSM.2017.36,8cb7c449-ba11-4464-865e-8029b8d772e8
Pterostichus acutipes,35.66449,-83.524234,2017,GRSM.2017.32,8cb7c449-ba11-4464-865e-8029b8d772e8
Carabus goryi,35.670778,-83.481653,2017,GRSM.2017.14,8cb7c449-ba11-4464-865e-8029b8d772e8
Pterostichus acutipes,35.684589,-83.532102,2017,GRSM.2017.30,8cb7c449-ba11-4464-865e-8029b8d772e8
Dicaelus teter,35.679121,-83.482275,2017,GRSM.2017.28,8cb7c449-ba11-4464-865e-8029b8d772e8
Carabus goryi,35.670778,-83.481653,2017,GRSM.2017.20,8cb7c449-ba11-4464-865e-8029b8d772e8
Carabus goryi,35.66449,-83.524234,2017,GRSM.2017.14,8cb7c449-ba11-4464-865e-8029b8d772e8
Pterostichus acutipes,35.684589,-83.532102,2017,GRSM.2017.34,8cb7c449-ba11-4464-865e-8029b8d772e8
Dicaelus dilatatus,35.679121,-83.482275,2017,GRSM.2017.20,8cb7c449-ba11-4464-865e-8029b8d772e8
Carabus goryi,35.684589,-83.532102,2017,GRSM.2017.30,8cb7c449-ba11-4464-865e-8029b8d772e8
Pasimachus punctulatus,35.679121,-83.482275,2017,GRSM.2017.22,8cb7c449-ba11-4464-865e-8029b8d772e8
Carabus goryi,35.670778,-83.481653,2017,GRSM.2017.14,8cb7c449-ba11-4464-865e-8029b8d772e8
Dicaelus dilatatus,35.670778,-83.481653,2017,GRSM.2017.28,8cb7c449-ba11-4464-865e-8029b8d772e8
Carabus goryi,35.66449,-83.524234,2017,GRSM.2017.14,8cb7c449-ba11-4464-865e-8029b8d772e8
Carabus goryi,35.684589,-83.532102,2017,GRSM.2017.14,8cb7c449-ba11-4464-865e-8029b8d772e8
Pterostichus acutipes,35.66449,-83.524234,2017,GRSM.2017.34,8cb7c449-ba11-4464-865e-8029b8d772e8
Carabus goryi,35.684589,-83.532102,2017,GRSM.2017.14,8cb7c449-ba11-4464-865e-8029b8d772e8
Pterostichus acutipes,35.670778,-83.481653,2017,GRSM.2017.32,8cb7c449-ba11-4464-865e-8029b8d772e8
Dicaelus teter,35.670778,-83.481653,2017,GRSM.2017.22,8cb7c449-ba11-4464-865e-8029b8d772e8
Dicaelus dilatatus,35.679121,-83.482275,2017,GRSM.2017.16,8cb7c449-ba11-4464-865e-8029b8d772e8
Dicaelus teter,35.670778,-83.481653,2017,GRSM.2017.26,8cb7c449-ba11-4464-865e-8029b8d772e8
Sphaeroderus stenostomus,35.684589,-83.532102,2017,GRSM.2017.22,8cb7c449-ba11-4464-865e-8029b8d772e8
Dicaelus teter,35.679121,-83.482275,2017,GRSM.2017.14,8cb7c449-ba11-4464-865e-8029b8d772e8
Carabus goryi,35.684589,-83.532102,2017,GRSM.2017.24,8cb7c449-ba11-4464-865e-8029b8d772e8
Cyclotrachelus freitagi,35.670778,-83.481653,2017,GRSM.2017.22,8cb7c449-ba11-4464-865e-8029b8d772e8
Carabus goryi,35.670778,-83.481653,2017,GRSM.2017.14,8cb7c449-ba11-4464-865e-8029b8d772e8
Dicaelus teter,35.679121,-83.482275,2017,GRSM.2017.28,8cb7c449-ba11-4464-865e-8029b8d772e8
Carabus goryi,35.679121,-83.482275,2017,GRSM.2017.14,8cb7c449-ba11-4464-865e-8029b8d772e8
Dicaelus dilatatus,35.684589,-83.532102,2017,GRSM.2017.30,8cb7c449-ba11-4464-865e-8029b8d772e8
Sphaeroderus stenostomus,35.66449,-83.524234,2017,GRSM.2017.26,8cb7c449-ba11-4464-865e-8029b8d772e8
Pterostichus acutipes,35.670778,-83.481653,2017,GRSM.2017.32,8cb7c449-ba11-4464-865e-8029b8d772e8
Cylindera unipunctata,35.684589,-83.532102,2017,GRSM.2017.28,8cb7c449-ba11-4464-865e-8029b8d772e8
Cyclotrachelus sigillatus,35.684589,-83.532102,2017,GRSM.2017.30,8cb7c449-ba11-4464-865e-8029b8d772e8
Carabus goryi,35.670778,-83.481653,2017,GRSM.2017.14,8cb7c449-ba11-4464-865e-8029b8d772e8
Carabus goryi,35.670778,-83.481653,2017,GRSM.2017.28,8cb7c449-ba11-4464-865e-8029b8d772e8
Pterostichus acutipes,35.66449,-83.524234,2017,GRSM.2017.34,8cb7c449-ba11-4464-865e-8029b8d772e8
Carabus goryi,35.670778,-83.481653,2017,GRSM.2017.16,8cb7c449-ba11-4464-865e-8029b8d772e8
Pterostichus acutipes,35.670778,-83.481653,2017,GRSM.2017.30,8cb7c449-ba11-4464-865e-8029b8d772e8
Pasimachus punctulatus,35.679121,-83.482275,2017,GRSM.2017.24,8cb7c449-ba11-4464-865e-8029b8d772e8
Pasimachus punctulatus,35.679121,-83.482275,2017,GRSM.2017.24,8cb7c449-ba11-4464-865e-8029b8d772e8
Pasimachus punctulatus,35.679121,-83.482275,2017,GRSM.2017.28,8cb7c449-ba11-4464-865e-8029b8d772e8
Dicaelus teter,35.670778,-83.481653,2017,GRSM.2017.26,8cb7c449-ba11-4464-865e-8029b8d772e8
Dicaelus dilatatus,35.670778,-83.481653,2017,GRSM.2017.28,8cb7c449-ba11-4464-865e-8029b8d772e8
Dicaelus dilatatus,35.679121,-83.482275,2017,GRSM.2017.16,8cb7c449-ba11-4464-865e-8029b8d772e8
Pterostichus acutipes,35.670778,-83.481653,2017,GRSM.2017.34,8cb7c449-ba11-4464-865e-8029b8d772e8
Carabus goryi,35.670778,-83.481653,2017,GRSM.2017.14,8cb7c449-ba11-4464-865e-8029b8d772e8
Carabus goryi,35.670778,-83.481653,2017,GRSM.2017.28,8cb7c449-ba11-4464-865e-8029b8d772e8
Pasimachus punctulatus,35.66449,-83.524234,2017,GRSM.2017.20,8cb7c449-ba11-4464-865e-8029b8d772e8
Pterostichus acutipes,35.66449,-83.524234,2017,GRSM.2017.20,8cb7c449-ba11-4464-865e-8029b8d772e8
Dicaelus dilatatus,35.679121,-83.482275,2017,GRSM.2017.26,8cb7c449-ba11-4464-865e-8029b8d772e8
Carabus goryi,35.679121,-83.482275,2017,GRSM.2017.16,8cb7c449-ba11-4464-865e-8029b8d772e8
Cyclotrachelus freitagi,35.670778,-83.481653,2017,GRSM.2017.32,8cb7c449-ba11-4464-865e-8029b8d772e8
Pasimachus punctulatus,35.679121,-83.482275,2017,GRSM.2017.20,8cb7c449-ba11-4464-865e-8029b8d772e8
Dicaelus dilatatus,35.679121,-83.482275,2017,GRSM.2017.16,8cb7c449-ba11-4464-865e-8029b8d772e8
Dicaelus dilatatus,35.670778,-83.481653,2017,GRSM.2017.18,8cb7c449-ba11-4464-865e-8029b8d772e8
Dicaelus dilatatus,35.679121,-83.482275,2017,GRSM.2017.22,8cb7c449-ba11-4464-865e-8029b8d772e8
Pterostichus tristis,35.670778,-83.481653,2017,GRSM.2017.32,8cb7c449-ba11-4464-865e-8029b8d772e8
Pterostichus acutipes,35.670778,-83.481653,2017,GRSM.2017.34,8cb7c449-ba11-4464-865e-8029b8d772e8
Carabus goryi,35.670778,-83.481653,2017,GRSM.2017.28,8cb7c449-ba11-4464-865e-8029b8d772e8
Dicaelus teter,35.679121,-83.482275,2017,GRSM.2017.24,8cb7c449-ba11-4464-865e-8029b8d772e8
Pterostichus acutipes,35.679121,-83.482275,2017,GRSM.2017.28,8cb7c449-ba11-4464-865e-8029b8d772e8
Dicaelus teter,35.670778,-83.481653,2017,GRSM.2017.28,8cb7c449-ba11-4464-865e-8029b8d772e8
Pterostichus acutipes,35.670778,-83.481653,2017,GRSM.2017.30,8cb7c449-ba11-4464-865e-8029b8d772e8
Dicaelus teter,35.670778,-83.481653,2017,GRSM.2017.20,8cb7c449-ba11-4464-865e-8029b8d772e8
Dicaelus teter,35.679121,-83.482275,2017,GRSM.2017.28,8cb7c449-ba11-4464-865e-8029b8d772e8
Carabus goryi,35.684589,-83.532102,2017,GRSM.2017.24,8cb7c449-ba11-4464-865e-8029b8d772e8
Carabus goryi,35.66449,-83.524234,2017,GRSM.2017.24,8cb7c449-ba11-4464-865e-8029b8d772e8
Carabus goryi,35.684589,-83.532102,2017,GRSM.2017.16,8cb7c449-ba11-4464-865e-8029b8d772e8
Dicaelus dilatatus,35.679121,-83.482275,2017,GRSM.2017.20,8cb7c449-ba11-4464-865e-8029b8d772e8
